Fecha corte|Nombre_Entidad|Nombre_Fondo|Valor Unidad
2021/01/30|test fund|test serie|200924080.67
2021/01/31|test fund|test serie|200924080.67
2021/02/01|test fund|test serie|200924080.67
2021/02/02|test fund|test serie|203995791.759
2021/02/03|test fund|test serie|212629878.18
2021/02/04|test fund|test serie|205635663.05
2021/02/05|test fund|test serie|205636663.05
2021/02/06|test fund|test serie|205637663.05
2021/02/07|test fund|test serie|205638663.05
2021/02/08|test fund|test serie|205639663.05
2021/02/09|test fund|test serie|205640663.05
2021/02/10|test fund|test serie|205641663.05
2021/02/11|test fund|test serie|205642663.05
2021/02/12|test fund|test serie|205643663.05
2021/02/13|test fund|test serie|205644663.05
2021/02/14|test fund|test serie|205645663.05
2021/02/15|test fund|test serie|205646663.05
2021/02/16|test fund|test serie|205647663.05
2021/02/17|test fund|test serie|205648663.05
2021/02/18|test fund|test serie|205649663.05
2021/02/19|test fund|test serie|205650663.05
2021/02/20|test fund|test serie|205651663.05
2021/02/21|test fund|test serie|205652663.05
2021/02/22|test fund|test serie|205653663.05
2021/02/23|test fund|test serie|205654663.05
2021/02/24|test fund|test serie|205655663.05
2021/02/25|test fund|test serie|205656663.05
2021/02/26|test fund|test serie|205657663.05
2021/02/27|test fund|test serie|205658663.05
2021/02/28|test fund|test serie|205659663.05
2021/03/01|test fund|test serie|205660663.05
2021/03/02|test fund|test serie|205661663.05
2021/03/03|test fund|test serie|205662663.05
2021/03/04|test fund|test serie|205663663.05
2021/03/05|test fund|test serie|205664663.05
2021/03/06|test fund|test serie|205665663.05
2021/03/07|test fund|test serie|205666663.05
2021/03/08|test fund|test serie|205667663.05
2021/03/09|test fund|test serie|205668663.05
2021/03/10|test fund|test serie|205669663.05
2021/03/11|test fund|test serie|205670663.05
2021/03/12|test fund|test serie|205671663.05
2021/03/13|test fund|test serie|205672663.05
2021/03/14|test fund|test serie|205673663.05
2021/03/15|test fund|test serie|205674663.05
2021/03/16|test fund|test serie|205675663.05
2021/03/17|test fund|test serie|205676663.05
2021/03/18|test fund|test serie|205677663.05
2021/03/19|test fund|test serie|205678663.05
2021/03/20|test fund|test serie|205679663.05
2021/03/21|test fund|test serie|205680663.05
2021/03/22|test fund|test serie|205681663.05
2021/03/23|test fund|test serie|205682663.05
2021/03/24|test fund|test serie|205683663.05
2021/03/25|test fund|test serie|205684663.05
2021/03/26|test fund|test serie|205685663.05
2021/03/27|test fund|test serie|205686663.05
2021/03/28|test fund|test serie|205687663.05
2021/03/29|test fund|test serie|205688663.05
2021/03/30|test fund|test serie|205689663.05
2021/03/31|test fund|test serie|205690663.05
2021/04/01|test fund|test serie|205691663.05
2021/04/02|test fund|test serie|205692663.05
2021/04/03|test fund|test serie|205693663.05
2021/04/04|test fund|test serie|205694663.05
2021/04/05|test fund|test serie|205695663.05
2021/04/06|test fund|test serie|205696663.05
2021/04/07|test fund|test serie|205697663.05
2021/04/08|test fund|test serie|205698663.05
2021/04/09|test fund|test serie|205699663.05
2021/04/10|test fund|test serie|205700663.05
2021/04/11|test fund|test serie|205701663.05
2021/04/12|test fund|test serie|205702663.05
2021/04/13|test fund|test serie|205703663.05
2021/04/14|test fund|test serie|205704663.05
2021/04/15|test fund|test serie|205705663.05
2021/04/16|test fund|test serie|205706663.05
2021/04/17|test fund|test serie|205707663.05
2021/04/18|test fund|test serie|205708663.05
2021/04/19|test fund|test serie|205709663.05
2021/04/20|test fund|test serie|205710663.05
2021/04/21|test fund|test serie|205711663.05
2021/04/22|test fund|test serie|205712663.05
2021/04/23|test fund|test serie|205713663.05
2021/04/24|test fund|test serie|205714663.05
2021/04/25|test fund|test serie|205715663.05
2021/04/26|test fund|test serie|205716663.05
2021/04/27|test fund|test serie|205717663.05
2021/04/28|test fund|test serie|205718663.05
2021/04/29|test fund|test serie|205719663.05
2021/04/30|test fund|test serie|205720663.05
2021/05/01|test fund|test serie|205721663.05
2021/05/02|test fund|test serie|205722663.05
2021/05/03|test fund|test serie|205723663.05
2021/05/04|test fund|test serie|205724663.05
2021/05/05|test fund|test serie|205725663.05
2021/05/06|test fund|test serie|205726663.05
2021/05/07|test fund|test serie|205727663.05
2021/05/08|test fund|test serie|205728663.05
2021/05/09|test fund|test serie|205729663.05
2021/05/10|test fund|test serie|205730663.05
2021/05/11|test fund|test serie|205731663.05
2021/05/12|test fund|test serie|205732663.05
2021/05/13|test fund|test serie|205733663.05
2021/05/14|test fund|test serie|205734663.05
2021/05/15|test fund|test serie|205735663.05
2021/05/16|test fund|test serie|205736663.05
2021/05/17|test fund|test serie|205737663.05
2021/05/18|test fund|test serie|205738663.05
2021/05/19|test fund|test serie|205739663.05
2021/05/20|test fund|test serie|205740663.05
2021/05/21|test fund|test serie|205741663.05
2021/05/22|test fund|test serie|205742663.05
2021/05/23|test fund|test serie|205743663.05
2021/05/24|test fund|test serie|205744663.05
2021/05/25|test fund|test serie|205745663.05
2021/05/26|test fund|test serie|205746663.05
2021/05/27|test fund|test serie|205747663.05
2021/05/28|test fund|test serie|205748663.05
2021/05/29|test fund|test serie|205749663.05
2021/05/30|test fund|test serie|205750663.05
2021/05/31|test fund|test serie|205751663.05
2021/06/01|test fund|test serie|205752663.05
2021/06/02|test fund|test serie|205753663.05
2021/06/03|test fund|test serie|205754663.05
2021/06/04|test fund|test serie|205755663.05
2021/06/05|test fund|test serie|205756663.05
2021/06/06|test fund|test serie|205757663.05
2021/06/07|test fund|test serie|205758663.05
2021/06/08|test fund|test serie|205759663.05
2021/06/09|test fund|test serie|205760663.05
2021/06/10|test fund|test serie|205761663.05
2021/06/11|test fund|test serie|205762663.05
2021/06/12|test fund|test serie|205763663.05
2021/06/13|test fund|test serie|205764663.05
2021/06/14|test fund|test serie|205765663.05
2021/06/15|test fund|test serie|205766663.05
2021/06/16|test fund|test serie|205767663.05
2021/06/17|test fund|test serie|205768663.05
2021/06/18|test fund|test serie|205769663.05
2021/06/19|test fund|test serie|205770663.05
2021/06/20|test fund|test serie|205771663.05
2021/06/21|test fund|test serie|205772663.05
2021/06/22|test fund|test serie|205773663.05
2021/06/23|test fund|test serie|205774663.05
2021/06/24|test fund|test serie|205775663.05
2021/06/25|test fund|test serie|205776663.05
2021/06/26|test fund|test serie|205777663.05
2021/06/27|test fund|test serie|205778663.05
2021/06/28|test fund|test serie|205779663.05
2021/06/29|test fund|test serie|205780663.05
2021/06/30|test fund|test serie|205781663.05
2021/07/01|test fund|test serie|205782663.05
2021/07/02|test fund|test serie|205783663.05
2021/07/03|test fund|test serie|205784663.05
2021/07/04|test fund|test serie|205785663.05
2021/07/05|test fund|test serie|205786663.05
2021/07/06|test fund|test serie|205787663.05
2021/07/07|test fund|test serie|205788663.05
2021/07/08|test fund|test serie|205789663.05
2021/07/09|test fund|test serie|205790663.05
2021/07/10|test fund|test serie|205791663.05
2021/07/11|test fund|test serie|205792663.05
2021/07/12|test fund|test serie|205793663.05
2021/07/13|test fund|test serie|205794663.05
2021/07/14|test fund|test serie|205795663.05
2021/07/15|test fund|test serie|205796663.05
2021/07/16|test fund|test serie|205797663.05
2021/07/17|test fund|test serie|205798663.05
2021/07/18|test fund|test serie|205799663.05
2021/07/19|test fund|test serie|205800663.05
2021/07/20|test fund|test serie|205801663.05
2021/07/21|test fund|test serie|205802663.05
2021/07/22|test fund|test serie|205803663.05
2021/07/23|test fund|test serie|205804663.05
2021/07/24|test fund|test serie|205805663.05
2021/07/25|test fund|test serie|205806663.05
2021/07/26|test fund|test serie|205807663.05
2021/07/27|test fund|test serie|205808663.05
2021/07/28|test fund|test serie|205809663.05
2021/07/29|test fund|test serie|205810663.05
2021/07/30|test fund|test serie|205811663.05
2021/07/31|test fund|test serie|205812663.05
2021/08/01|test fund|test serie|205813663.05
2021/08/02|test fund|test serie|205814663.05
2021/08/03|test fund|test serie|205815663.05
2021/08/04|test fund|test serie|205816663.05
2021/08/05|test fund|test serie|205817663.05
2021/08/06|test fund|test serie|205818663.05
2021/08/07|test fund|test serie|205819663.05
2021/08/08|test fund|test serie|205820663.05
2021/08/09|test fund|test serie|205821663.05
2021/08/10|test fund|test serie|205822663.05
2021/08/11|test fund|test serie|205823663.05
2021/08/12|test fund|test serie|205824663.05
2021/08/13|test fund|test serie|205825663.05
2021/08/14|test fund|test serie|205826663.05
2021/08/15|test fund|test serie|205827663.05
2021/08/16|test fund|test serie|205828663.05
2021/08/17|test fund|test serie|205829663.05
2021/08/18|test fund|test serie|205830663.05
2021/08/19|test fund|test serie|205831663.05
2021/08/20|test fund|test serie|205832663.05
2021/08/21|test fund|test serie|205833663.05
2021/08/22|test fund|test serie|205834663.05
2021/08/23|test fund|test serie|205835663.05
2021/08/24|test fund|test serie|205836663.05
2021/08/25|test fund|test serie|205837663.05
2021/08/26|test fund|test serie|205838663.05
2021/08/27|test fund|test serie|205839663.05
2021/08/28|test fund|test serie|205840663.05
2021/08/29|test fund|test serie|205841663.05
2021/08/30|test fund|test serie|205842663.05
2021/08/31|test fund|test serie|205843663.05
2021/09/01|test fund|test serie|205844663.05
2021/09/02|test fund|test serie|205845663.05
2021/09/03|test fund|test serie|205846663.05
2021/09/04|test fund|test serie|205847663.05
2021/09/05|test fund|test serie|205848663.05
2021/09/06|test fund|test serie|205849663.05
2021/09/07|test fund|test serie|205850663.05
2021/09/08|test fund|test serie|205851663.05
2021/09/09|test fund|test serie|205852663.05
2021/09/10|test fund|test serie|205853663.05
2021/09/11|test fund|test serie|205854663.05
2021/09/12|test fund|test serie|205855663.05
2021/09/13|test fund|test serie|205856663.05
2021/09/14|test fund|test serie|205857663.05
2021/09/15|test fund|test serie|205858663.05
2021/09/16|test fund|test serie|205859663.05
2021/09/17|test fund|test serie|205860663.05
2021/09/18|test fund|test serie|205861663.05
2021/09/19|test fund|test serie|205862663.05
2021/09/20|test fund|test serie|205863663.05
2021/09/21|test fund|test serie|205864663.05
2021/09/22|test fund|test serie|205865663.05
2021/09/23|test fund|test serie|205866663.05
2021/09/24|test fund|test serie|205867663.05
2021/09/25|test fund|test serie|205868663.05
2021/09/26|test fund|test serie|205869663.05
2021/09/27|test fund|test serie|205870663.05
2021/09/28|test fund|test serie|205871663.05
2021/09/29|test fund|test serie|205872663.05
2021/09/30|test fund|test serie|205873663.05
2021/10/01|test fund|test serie|205874663.05
2021/10/02|test fund|test serie|205875663.05
2021/10/03|test fund|test serie|205876663.05
2021/10/04|test fund|test serie|205877663.05
2021/10/05|test fund|test serie|205878663.05
2021/10/06|test fund|test serie|205879663.05
2021/10/07|test fund|test serie|205880663.05
2021/10/08|test fund|test serie|205881663.05
2021/10/09|test fund|test serie|205882663.05
2021/10/10|test fund|test serie|205883663.05
2021/10/11|test fund|test serie|205884663.05
2021/10/12|test fund|test serie|205885663.05
2021/10/13|test fund|test serie|205886663.05
2021/10/14|test fund|test serie|205887663.05
2021/10/15|test fund|test serie|205888663.05
2021/10/16|test fund|test serie|205889663.05
2021/10/17|test fund|test serie|205890663.05
2021/10/18|test fund|test serie|205891663.05
2021/10/19|test fund|test serie|205892663.05
2021/10/20|test fund|test serie|205893663.05
2021/10/21|test fund|test serie|205894663.05
2021/10/22|test fund|test serie|205895663.05
2021/10/23|test fund|test serie|205896663.05
2021/10/24|test fund|test serie|205897663.05
2021/10/25|test fund|test serie|205898663.05
2021/10/26|test fund|test serie|205899663.05
2021/10/27|test fund|test serie|205900663.05
2021/10/28|test fund|test serie|205901663.05
2021/10/29|test fund|test serie|205902663.05
2021/10/30|test fund|test serie|205903663.05
2021/10/31|test fund|test serie|205904663.05
2021/11/01|test fund|test serie|205905663.05
2021/11/02|test fund|test serie|205906663.05
2021/11/03|test fund|test serie|205907663.05
2021/11/04|test fund|test serie|205908663.05
2021/11/05|test fund|test serie|205909663.05
2021/11/06|test fund|test serie|205910663.05
2021/11/07|test fund|test serie|205911663.05
2021/11/08|test fund|test serie|205912663.05
2021/11/09|test fund|test serie|205913663.05
2021/11/10|test fund|test serie|205914663.05
2021/11/11|test fund|test serie|205915663.05
2021/11/12|test fund|test serie|205916663.05
2021/11/13|test fund|test serie|205917663.05
2021/11/14|test fund|test serie|205918663.05
2021/11/15|test fund|test serie|205919663.05
2021/11/16|test fund|test serie|205920663.05
2021/11/17|test fund|test serie|205921663.05
2021/11/18|test fund|test serie|205922663.05
2021/11/19|test fund|test serie|205923663.05
2021/11/20|test fund|test serie|205924663.05
2021/11/21|test fund|test serie|205925663.05
2021/11/22|test fund|test serie|205926663.05
2021/11/23|test fund|test serie|205927663.05
2021/11/24|test fund|test serie|205928663.05
2021/11/25|test fund|test serie|205929663.05
2021/11/26|test fund|test serie|205930663.05
2021/11/27|test fund|test serie|205931663.05
2021/11/28|test fund|test serie|205932663.05
2021/11/29|test fund|test serie|205933663.05
2021/11/30|test fund|test serie|205934663.05
2021/12/01|test fund|test serie|205935663.05
2021/12/02|test fund|test serie|205936663.05
2021/12/03|test fund|test serie|205937663.05
2021/12/04|test fund|test serie|205938663.05
2021/12/05|test fund|test serie|205939663.05
2021/12/06|test fund|test serie|205940663.05
2021/12/07|test fund|test serie|205941663.05
2021/12/08|test fund|test serie|205942663.05
2021/12/09|test fund|test serie|205943663.05
2021/12/10|test fund|test serie|205944663.05
2021/12/11|test fund|test serie|205945663.05
2021/12/12|test fund|test serie|205946663.05
2021/12/13|test fund|test serie|205947663.05
2021/12/14|test fund|test serie|205948663.05
2021/12/15|test fund|test serie|205949663.05
2021/12/16|test fund|test serie|205950663.05
2021/12/17|test fund|test serie|205951663.05
2021/12/18|test fund|test serie|205952663.05
2021/12/19|test fund|test serie|205953663.05
2021/12/20|test fund|test serie|205954663.05
2021/12/21|test fund|test serie|205955663.05
2021/12/22|test fund|test serie|205956663.05
2021/12/23|test fund|test serie|205957663.05
2021/12/24|test fund|test serie|205958663.05
2021/12/25|test fund|test serie|205959663.05
2021/12/26|test fund|test serie|205960663.05
2021/12/27|test fund|test serie|205961663.05
2021/12/28|test fund|test serie|205962663.05
2021/12/29|test fund|test serie|205963663.05
2021/12/30|test fund|test serie|205964663.05
2021/12/31|test fund|test serie|205965663.05
2022/01/01|test fund|test serie|205966663.05
2022/01/02|test fund|test serie|205967663.05
2022/01/03|test fund|test serie|205968663.05
2022/01/04|test fund|test serie|205969663.05
2022/01/05|test fund|test serie|205970663.05
2022/01/06|test fund|test serie|205971663.05
2022/01/07|test fund|test serie|205972663.05
2022/01/08|test fund|test serie|205973663.05
2022/01/09|test fund|test serie|205974663.05
2022/01/10|test fund|test serie|205975663.05
2022/01/11|test fund|test serie|205976663.05
2022/01/12|test fund|test serie|205977663.05
2022/01/13|test fund|test serie|205978663.05
2022/01/14|test fund|test serie|205979663.05
2022/01/15|test fund|test serie|205980663.05
2022/01/16|test fund|test serie|205981663.05
2022/01/17|test fund|test serie|205982663.05
2022/01/18|test fund|test serie|205983663.05
2022/01/19|test fund|test serie|205984663.05
2022/01/20|test fund|test serie|205985663.05
2022/01/21|test fund|test serie|205986663.05
2022/01/22|test fund|test serie|205987663.05
2022/01/23|test fund|test serie|205988663.05
2022/01/24|test fund|test serie|205989663.05
2022/01/25|test fund|test serie|205990663.05
2022/01/26|test fund|test serie|205991663.05
2022/01/27|test fund|test serie|205992663.05
2022/01/28|test fund|test serie|205993663.05
2022/01/29|test fund|test serie|205994663.05
2022/01/30|test fund|test serie|205995663.05
2022/01/31|test fund|test serie|205996663.05
2022/02/01|test fund|test serie|205997663.05
2022/02/02|test fund|test serie|205998663.05
2022/02/03|test fund|test serie|205999663.05
2022/02/04|test fund|test serie|206000663.05
2022/02/05|test fund|test serie|206001663.05
2022/02/06|test fund|test serie|206002663.05
2022/02/07|test fund|test serie|206003663.05
2022/02/08|test fund|test serie|206004663.05
2022/02/09|test fund|test serie|206005663.05
2022/02/10|test fund|test serie|206006663.05
2022/02/11|test fund|test serie|206007663.05
2022/02/12|test fund|test serie|206008663.05
2022/02/13|test fund|test serie|206009663.05
2022/02/14|test fund|test serie|206010663.05
2022/02/15|test fund|test serie|206011663.05
2022/02/16|test fund|test serie|206012663.05
2022/02/17|test fund|test serie|206013663.05
2022/02/18|test fund|test serie|206014663.05
2022/02/19|test fund|test serie|206015663.05
2022/02/20|test fund|test serie|206016663.05
2022/02/21|test fund|test serie|206017663.05
2022/02/22|test fund|test serie|206018663.05
2022/02/23|test fund|test serie|206019663.05
2022/02/24|test fund|test serie|206020663.05
2022/02/25|test fund|test serie|206021663.05
2022/02/26|test fund|test serie|206022663.05
2022/02/27|test fund|test serie|206023663.05
2022/02/28|test fund|test serie|206024663.05
2022/03/01|test fund|test serie|206025663.05
2022/03/02|test fund|test serie|206026663.05
2022/03/03|test fund|test serie|206027663.05
2022/03/04|test fund|test serie|206028663.05
2022/03/05|test fund|test serie|206029663.05
2022/03/06|test fund|test serie|206030663.05
2022/03/07|test fund|test serie|206031663.05
2022/03/08|test fund|test serie|206032663.05
2022/03/09|test fund|test serie|206033663.05
2022/03/10|test fund|test serie|206034663.05
2022/03/11|test fund|test serie|206035663.05
2022/03/12|test fund|test serie|206036663.05
2022/03/13|test fund|test serie|206037663.05
2022/03/14|test fund|test serie|206038663.05
2022/03/15|test fund|test serie|206039663.05
2022/03/16|test fund|test serie|206040663.05
2022/03/17|test fund|test serie|206041663.05
2022/03/18|test fund|test serie|206042663.05
2022/03/19|test fund|test serie|206043663.05
2022/03/20|test fund|test serie|206044663.05
2022/03/21|test fund|test serie|206045663.05
2022/03/22|test fund|test serie|206046663.05
2022/03/23|test fund|test serie|206047663.05
2022/03/24|test fund|test serie|206048663.05
2022/03/25|test fund|test serie|206049663.05
2022/03/26|test fund|test serie|206050663.05
2022/03/27|test fund|test serie|206051663.05
2022/03/28|test fund|test serie|206052663.05
2022/03/29|test fund|test serie|206053663.05
2022/03/30|test fund|test serie|206054663.05
2022/03/31|test fund|test serie|206055663.05
2022/04/01|test fund|test serie|206056663.05
2022/04/02|test fund|test serie|206057663.05
2022/04/03|test fund|test serie|206058663.05
2022/04/04|test fund|test serie|206059663.05
2022/04/05|test fund|test serie|206060663.05
2022/04/06|test fund|test serie|206061663.05
2022/04/07|test fund|test serie|206062663.05
2022/04/08|test fund|test serie|206063663.05
2022/04/09|test fund|test serie|206064663.05
2022/04/10|test fund|test serie|206065663.05
2022/04/11|test fund|test serie|206066663.05
2022/04/12|test fund|test serie|206067663.05
2022/04/13|test fund|test serie|206068663.05
2022/04/14|test fund|test serie|206069663.05
2022/04/15|test fund|test serie|206070663.05
2022/04/16|test fund|test serie|206071663.05
2022/04/17|test fund|test serie|206072663.05
2022/04/18|test fund|test serie|206073663.05
2022/04/19|test fund|test serie|206074663.05
2022/04/20|test fund|test serie|206075663.05
2022/04/21|test fund|test serie|206076663.05
2022/04/22|test fund|test serie|206077663.05
2022/04/23|test fund|test serie|206078663.05
2022/04/24|test fund|test serie|206079663.05
2022/04/25|test fund|test serie|206080663.05
2022/04/26|test fund|test serie|206081663.05
2022/04/27|test fund|test serie|206082663.05
2022/04/28|test fund|test serie|206083663.05
2022/04/29|test fund|test serie|206084663.05
2022/04/30|test fund|test serie|206085663.05
2022/05/01|test fund|test serie|206086663.05
2022/05/02|test fund|test serie|206087663.05
2022/05/03|test fund|test serie|206088663.05
2022/05/04|test fund|test serie|206089663.05
2022/05/05|test fund|test serie|206090663.05
2022/05/06|test fund|test serie|206091663.05
2022/05/07|test fund|test serie|206092663.05
2022/05/08|test fund|test serie|206093663.05
2022/05/09|test fund|test serie|206094663.05
2022/05/10|test fund|test serie|206095663.05
2022/05/11|test fund|test serie|206096663.05
2022/05/12|test fund|test serie|206097663.05
2022/05/13|test fund|test serie|206098663.05
2022/05/14|test fund|test serie|206099663.05
2022/05/15|test fund|test serie|206100663.05
2022/05/16|test fund|test serie|206101663.05
2022/05/17|test fund|test serie|206102663.05
2022/05/18|test fund|test serie|206103663.05
2022/05/19|test fund|test serie|206104663.05
2022/05/20|test fund|test serie|206105663.05
2022/05/21|test fund|test serie|206106663.05
2022/05/22|test fund|test serie|206107663.05
2022/05/23|test fund|test serie|206108663.05
2022/05/24|test fund|test serie|206109663.05
2022/05/25|test fund|test serie|206110663.05
2022/05/26|test fund|test serie|206111663.05
2022/05/27|test fund|test serie|206112663.05
2022/05/28|test fund|test serie|206113663.05
2022/05/29|test fund|test serie|206114663.05
2022/05/30|test fund|test serie|206115663.05
2022/05/31|test fund|test serie|206116663.05
2022/06/01|test fund|test serie|206117663.05
2022/06/02|test fund|test serie|206118663.05
2022/06/03|test fund|test serie|206119663.05
2022/06/04|test fund|test serie|206120663.05
2022/06/05|test fund|test serie|206121663.05
2022/06/06|test fund|test serie|206122663.05
2022/06/07|test fund|test serie|206123663.05
2022/06/08|test fund|test serie|206124663.05
2022/06/09|test fund|test serie|206125663.05
2022/06/10|test fund|test serie|206126663.05
2022/06/11|test fund|test serie|206127663.05
2022/06/12|test fund|test serie|206128663.05
2022/06/13|test fund|test serie|206129663.05
2022/06/14|test fund|test serie|206130663.05
2022/06/15|test fund|test serie|206131663.05
2022/06/16|test fund|test serie|206132663.05
2022/06/17|test fund|test serie|206133663.05
2022/06/18|test fund|test serie|206134663.05
2022/06/19|test fund|test serie|206135663.05
2022/06/20|test fund|test serie|206136663.05
2022/06/21|test fund|test serie|206137663.05
2022/06/22|test fund|test serie|206138663.05
2022/06/23|test fund|test serie|206139663.05
2022/06/24|test fund|test serie|206140663.05
2022/06/25|test fund|test serie|206141663.05
2022/06/26|test fund|test serie|206142663.05
2022/06/27|test fund|test serie|206143663.05
2022/06/28|test fund|test serie|206144663.05
2022/06/29|test fund|test serie|206145663.05
2022/06/30|test fund|test serie|206146663.05
2022/07/01|test fund|test serie|206147663.05
2022/07/02|test fund|test serie|206148663.05
2022/07/03|test fund|test serie|206149663.05
2022/07/04|test fund|test serie|206150663.05
2022/07/05|test fund|test serie|206151663.05
2022/07/06|test fund|test serie|206152663.05
2022/07/07|test fund|test serie|206153663.05
2022/07/08|test fund|test serie|206154663.05
2022/07/09|test fund|test serie|206155663.05
2022/07/10|test fund|test serie|206156663.05
2022/07/11|test fund|test serie|206157663.05
2022/07/12|test fund|test serie|206158663.05
2022/07/13|test fund|test serie|206159663.05
2022/07/14|test fund|test serie|206160663.05
2022/07/15|test fund|test serie|206161663.05
2022/07/16|test fund|test serie|206162663.05
2022/07/17|test fund|test serie|206163663.05
2022/07/18|test fund|test serie|206164663.05
2022/07/19|test fund|test serie|206165663.05
2022/07/20|test fund|test serie|206166663.05
2022/07/21|test fund|test serie|206167663.05
2022/07/22|test fund|test serie|206168663.05
2022/07/23|test fund|test serie|206169663.05
2022/07/24|test fund|test serie|206170663.05
2022/07/25|test fund|test serie|206171663.05
2022/07/26|test fund|test serie|206172663.05
2022/07/27|test fund|test serie|206173663.05
2022/07/28|test fund|test serie|206174663.05
2022/07/29|test fund|test serie|206175663.05
2022/07/30|test fund|test serie|206176663.05
2022/07/31|test fund|test serie|206177663.05
2022/08/01|test fund|test serie|206178663.05
2022/08/02|test fund|test serie|206179663.05
2022/08/03|test fund|test serie|206180663.05
2022/08/04|test fund|test serie|206181663.05
2022/08/05|test fund|test serie|206182663.05
2022/08/06|test fund|test serie|206183663.05
2022/08/07|test fund|test serie|206184663.05
2022/08/08|test fund|test serie|206185663.05
2022/08/09|test fund|test serie|206186663.05
2022/08/10|test fund|test serie|206187663.05
2022/08/11|test fund|test serie|206188663.05
2022/08/12|test fund|test serie|206189663.05
2022/08/13|test fund|test serie|206190663.05
2022/08/14|test fund|test serie|206191663.05
2022/08/15|test fund|test serie|206192663.05
2022/08/16|test fund|test serie|206193663.05
2022/08/17|test fund|test serie|206194663.05
2022/08/18|test fund|test serie|206195663.05
2022/08/19|test fund|test serie|206196663.05
2022/08/20|test fund|test serie|206197663.05
2022/08/21|test fund|test serie|206198663.05
2022/08/22|test fund|test serie|206199663.05
2022/08/23|test fund|test serie|206200663.05
2022/08/24|test fund|test serie|206201663.05
2022/08/25|test fund|test serie|206202663.05
2022/08/26|test fund|test serie|206203663.05
2022/08/27|test fund|test serie|206204663.05
2022/08/28|test fund|test serie|206205663.05
2022/08/29|test fund|test serie|206206663.05
2022/08/30|test fund|test serie|206207663.05
2022/08/31|test fund|test serie|206208663.05
2022/09/01|test fund|test serie|206209663.05
2022/09/02|test fund|test serie|206210663.05
2022/09/03|test fund|test serie|206211663.05
2022/09/04|test fund|test serie|206212663.05
2022/09/05|test fund|test serie|206213663.05
2022/09/06|test fund|test serie|206214663.05
2022/09/07|test fund|test serie|206215663.05
2022/09/08|test fund|test serie|206216663.05
2022/09/09|test fund|test serie|206217663.05
2022/09/10|test fund|test serie|206218663.05
2022/09/11|test fund|test serie|206219663.05
2022/09/12|test fund|test serie|206220663.05
2022/09/13|test fund|test serie|206221663.05
2022/09/14|test fund|test serie|206222663.05
2022/09/15|test fund|test serie|206223663.05
2022/09/16|test fund|test serie|206224663.05
2022/09/17|test fund|test serie|206225663.05
2022/09/18|test fund|test serie|206226663.05
2022/09/19|test fund|test serie|206227663.05
2022/09/20|test fund|test serie|206228663.05
2022/09/21|test fund|test serie|206229663.05
2022/09/22|test fund|test serie|206230663.05
2022/09/23|test fund|test serie|206231663.05
2022/09/24|test fund|test serie|206232663.05
2022/09/25|test fund|test serie|206233663.05
2022/09/26|test fund|test serie|206234663.05
2022/09/27|test fund|test serie|206235663.05
2022/09/28|test fund|test serie|206236663.05
2022/09/29|test fund|test serie|206237663.05
2022/09/30|test fund|test serie|206238663.05
2022/10/01|test fund|test serie|206239663.05
2022/10/02|test fund|test serie|206240663.05
2022/10/03|test fund|test serie|206241663.05
2022/10/04|test fund|test serie|206242663.05
2022/10/05|test fund|test serie|206243663.05
2022/10/06|test fund|test serie|206244663.05
2022/10/07|test fund|test serie|206245663.05
2022/10/08|test fund|test serie|206246663.05
2022/10/09|test fund|test serie|206247663.05
2022/10/10|test fund|test serie|206248663.05
2022/10/11|test fund|test serie|206249663.05
2022/10/12|test fund|test serie|206250663.05
2022/10/13|test fund|test serie|206251663.05
2022/10/14|test fund|test serie|206252663.05
2022/10/15|test fund|test serie|206253663.05
2022/10/16|test fund|test serie|206254663.05
2022/10/17|test fund|test serie|206255663.05
2022/10/18|test fund|test serie|206256663.05
2022/10/19|test fund|test serie|206257663.05
2022/10/20|test fund|test serie|206258663.05
2022/10/21|test fund|test serie|206259663.05
2022/10/22|test fund|test serie|206260663.05
2022/10/23|test fund|test serie|206261663.05
2022/10/24|test fund|test serie|206262663.05
2022/10/25|test fund|test serie|206263663.05
2022/10/26|test fund|test serie|206264663.05
2022/10/27|test fund|test serie|206265663.05
2022/10/28|test fund|test serie|206266663.05
2022/10/29|test fund|test serie|206267663.05
2022/10/30|test fund|test serie|206268663.05
2022/10/31|test fund|test serie|206269663.05
2022/11/01|test fund|test serie|206270663.05
2022/11/02|test fund|test serie|206271663.05
2022/11/03|test fund|test serie|206272663.05
2022/11/04|test fund|test serie|206273663.05
2022/11/05|test fund|test serie|206274663.05
2022/11/06|test fund|test serie|206275663.05
2022/11/07|test fund|test serie|206276663.05
2022/11/08|test fund|test serie|206277663.05
2022/11/09|test fund|test serie|206278663.05
2022/11/10|test fund|test serie|206279663.05
2022/11/11|test fund|test serie|206280663.05
2022/11/12|test fund|test serie|206281663.05
2022/11/13|test fund|test serie|206282663.05
2022/11/14|test fund|test serie|206283663.05
2022/11/15|test fund|test serie|206284663.05
2022/11/16|test fund|test serie|206285663.05
2022/11/17|test fund|test serie|206286663.05
2022/11/18|test fund|test serie|206287663.05
2022/11/19|test fund|test serie|206288663.05
2022/11/20|test fund|test serie|206289663.05
2022/11/21|test fund|test serie|206290663.05
2022/11/22|test fund|test serie|206291663.05
2022/11/23|test fund|test serie|206292663.05
2022/11/24|test fund|test serie|206293663.05
2022/11/25|test fund|test serie|206294663.05
2022/11/26|test fund|test serie|206295663.05
2022/11/27|test fund|test serie|206296663.05
2022/11/28|test fund|test serie|206297663.05
2022/11/29|test fund|test serie|206298663.05
2022/11/30|test fund|test serie|206299663.05
2022/12/01|test fund|test serie|206300663.05
2022/12/02|test fund|test serie|206301663.05
2022/12/03|test fund|test serie|206302663.05
2022/12/04|test fund|test serie|206303663.05
2022/12/05|test fund|test serie|206304663.05
2022/12/06|test fund|test serie|206305663.05
2022/12/07|test fund|test serie|206306663.05
2022/12/08|test fund|test serie|206307663.05
2022/12/09|test fund|test serie|206308663.05
2022/12/10|test fund|test serie|206309663.05
2022/12/11|test fund|test serie|206310663.05
2022/12/12|test fund|test serie|206311663.05
2022/12/13|test fund|test serie|206312663.05
2022/12/14|test fund|test serie|206313663.05
2022/12/15|test fund|test serie|206314663.05
2022/12/16|test fund|test serie|206315663.05
2022/12/17|test fund|test serie|206316663.05
2022/12/18|test fund|test serie|206317663.05
2022/12/19|test fund|test serie|206318663.05
2022/12/20|test fund|test serie|206319663.05
2022/12/21|test fund|test serie|206320663.05
2022/12/22|test fund|test serie|206321663.05
2022/12/23|test fund|test serie|206322663.05
2022/12/24|test fund|test serie|206323663.05
2022/12/25|test fund|test serie|206324663.05
2022/12/26|test fund|test serie|206325663.05
2022/12/27|test fund|test serie|206326663.05
2022/12/28|test fund|test serie|206327663.05
2022/12/29|test fund|test serie|206328663.05
2022/12/30|test fund|test serie|206329663.05
2022/12/31|test fund|test serie|206330663.05
2023/01/01|test fund|test serie|206331663.05
2023/01/02|test fund|test serie|206332663.05
2023/01/03|test fund|test serie|206333663.05
2023/01/04|test fund|test serie|206334663.05
2023/01/05|test fund|test serie|206335663.05
2023/01/06|test fund|test serie|206336663.05
2023/01/07|test fund|test serie|206337663.05
2023/01/08|test fund|test serie|206338663.05
2023/01/09|test fund|test serie|206339663.05
2023/01/10|test fund|test serie|206340663.05
2023/01/11|test fund|test serie|206341663.05
2023/01/12|test fund|test serie|206342663.05
2023/01/13|test fund|test serie|206343663.05
2023/01/14|test fund|test serie|206344663.05
2023/01/15|test fund|test serie|206345663.05
2023/01/16|test fund|test serie|206346663.05
2023/01/17|test fund|test serie|206347663.05
2023/01/18|test fund|test serie|206348663.05
2023/01/19|test fund|test serie|206349663.05
2023/01/20|test fund|test serie|206350663.05
2023/01/21|test fund|test serie|206351663.05
2023/01/22|test fund|test serie|206352663.05
2023/01/23|test fund|test serie|206353663.05
2023/01/24|test fund|test serie|206354663.05
2023/01/25|test fund|test serie|206355663.05
2023/01/26|test fund|test serie|206356663.05
2023/01/27|test fund|test serie|206357663.05
2023/01/28|test fund|test serie|206358663.05
2023/01/29|test fund|test serie|206359663.05
2023/01/30|test fund|test serie|206360663.05
2023/01/31|test fund|test serie|206361663.05
2023/02/01|test fund|test serie|206362663.05
2023/02/02|test fund|test serie|206363663.05
2023/02/03|test fund|test serie|206364663.05
2023/02/04|test fund|test serie|206365663.05
2023/02/05|test fund|test serie|206366663.05
2023/02/06|test fund|test serie|206367663.05
2023/02/07|test fund|test serie|206368663.05
2023/02/08|test fund|test serie|206369663.05
2023/02/09|test fund|test serie|206370663.05
2023/02/10|test fund|test serie|206371663.05
2023/02/11|test fund|test serie|206372663.05
2023/02/12|test fund|test serie|206373663.05
2023/02/13|test fund|test serie|206374663.05
2023/02/14|test fund|test serie|206375663.05
2023/02/15|test fund|test serie|206376663.05
2023/02/16|test fund|test serie|206377663.05
2023/02/17|test fund|test serie|206378663.05
2023/02/18|test fund|test serie|206379663.05
2023/02/19|test fund|test serie|206380663.05
2023/02/20|test fund|test serie|206381663.05
2023/02/21|test fund|test serie|206382663.05
2023/02/22|test fund|test serie|206383663.05
2023/02/23|test fund|test serie|206384663.05
2023/02/24|test fund|test serie|206385663.05
2023/02/25|test fund|test serie|206386663.05
2023/02/26|test fund|test serie|206387663.05
2023/02/27|test fund|test serie|206388663.05
2023/02/28|test fund|test serie|206389663.05
2023/03/01|test fund|test serie|206390663.05
2023/03/02|test fund|test serie|206391663.05
2023/03/03|test fund|test serie|206392663.05
2023/03/04|test fund|test serie|206393663.05
2023/03/05|test fund|test serie|206394663.05
2023/03/06|test fund|test serie|206395663.05
2023/03/07|test fund|test serie|206396663.05
2023/03/08|test fund|test serie|206397663.05
2023/03/09|test fund|test serie|206398663.05
2023/03/10|test fund|test serie|206399663.05
2023/03/11|test fund|test serie|206400663.05
2023/03/12|test fund|test serie|206401663.05
2023/03/13|test fund|test serie|206402663.05
2023/03/14|test fund|test serie|206403663.05
2023/03/15|test fund|test serie|206404663.05
2023/03/16|test fund|test serie|206405663.05
2023/03/17|test fund|test serie|206406663.05
2023/03/18|test fund|test serie|206407663.05
2023/03/19|test fund|test serie|206408663.05
2023/03/20|test fund|test serie|206409663.05
2023/03/21|test fund|test serie|206410663.05
2023/03/22|test fund|test serie|206411663.05
2023/03/23|test fund|test serie|206412663.05
2023/03/24|test fund|test serie|206413663.05
2023/03/25|test fund|test serie|206414663.05
2023/03/26|test fund|test serie|206415663.05
2023/03/27|test fund|test serie|206416663.05
2023/03/28|test fund|test serie|206417663.05
2023/03/29|test fund|test serie|206418663.05
2023/03/30|test fund|test serie|206419663.05
2023/03/31|test fund|test serie|206420663.05
2023/04/01|test fund|test serie|206421663.05
2023/04/02|test fund|test serie|206422663.05
2023/04/03|test fund|test serie|206423663.05
2023/04/04|test fund|test serie|206424663.05
2023/04/05|test fund|test serie|206425663.05
2023/04/06|test fund|test serie|206426663.05
2023/04/07|test fund|test serie|206427663.05
2023/04/08|test fund|test serie|206428663.05
2023/04/09|test fund|test serie|206429663.05
2023/04/10|test fund|test serie|206430663.05
2023/04/11|test fund|test serie|206431663.05
2023/04/12|test fund|test serie|206432663.05
2023/04/13|test fund|test serie|206433663.05
2023/04/14|test fund|test serie|206434663.05
2023/04/15|test fund|test serie|206435663.05
2023/04/16|test fund|test serie|206436663.05
2023/04/17|test fund|test serie|206437663.05
2023/04/18|test fund|test serie|206438663.05
2023/04/19|test fund|test serie|206439663.05
2023/04/20|test fund|test serie|206440663.05
2023/04/21|test fund|test serie|206441663.05
2023/04/22|test fund|test serie|206442663.05
2023/04/23|test fund|test serie|206443663.05
2023/04/24|test fund|test serie|206444663.05
2023/04/25|test fund|test serie|206445663.05
2023/04/26|test fund|test serie|206446663.05
2023/04/27|test fund|test serie|206447663.05
2023/04/28|test fund|test serie|206448663.05
2023/04/29|test fund|test serie|206449663.05
2023/04/30|test fund|test serie|206450663.05
2023/05/01|test fund|test serie|206451663.05
2023/05/02|test fund|test serie|206452663.05
2023/05/03|test fund|test serie|206453663.05
2023/05/04|test fund|test serie|206454663.05
2023/05/05|test fund|test serie|206455663.05
2023/05/06|test fund|test serie|206456663.05
2023/05/07|test fund|test serie|206457663.05
2023/05/08|test fund|test serie|206458663.05
2023/05/09|test fund|test serie|206459663.05
2023/05/10|test fund|test serie|206460663.05
2023/05/11|test fund|test serie|206461663.05
2023/05/12|test fund|test serie|206462663.05
2023/05/13|test fund|test serie|206463663.05
2023/05/14|test fund|test serie|206464663.05
2023/05/15|test fund|test serie|206465663.05
2023/05/16|test fund|test serie|206466663.05
2023/05/17|test fund|test serie|206467663.05
2023/05/18|test fund|test serie|206468663.05
2023/05/19|test fund|test serie|206469663.05
2023/05/20|test fund|test serie|206470663.05
2023/05/21|test fund|test serie|206471663.05
2023/05/22|test fund|test serie|206472663.05
2023/05/23|test fund|test serie|206473663.05
2023/05/24|test fund|test serie|206474663.05
2023/05/25|test fund|test serie|206475663.05
2023/05/26|test fund|test serie|206476663.05
2023/05/27|test fund|test serie|206477663.05
2023/05/28|test fund|test serie|206478663.05
2023/05/29|test fund|test serie|206479663.05
2023/05/30|test fund|test serie|206480663.05
2023/05/31|test fund|test serie|206481663.05
2023/06/01|test fund|test serie|206482663.05
2023/06/02|test fund|test serie|206483663.05
2023/06/03|test fund|test serie|206484663.05
2023/06/04|test fund|test serie|206485663.05
2023/06/05|test fund|test serie|206486663.05
2023/06/06|test fund|test serie|206487663.05
2023/06/07|test fund|test serie|206488663.05
2023/06/08|test fund|test serie|206489663.05
2023/06/09|test fund|test serie|206490663.05
2023/06/10|test fund|test serie|206491663.05
2023/06/11|test fund|test serie|206492663.05
2023/06/12|test fund|test serie|206493663.05
2023/06/13|test fund|test serie|206494663.05
2023/06/14|test fund|test serie|206495663.05
2023/06/15|test fund|test serie|206496663.05
2023/06/16|test fund|test serie|206497663.05
2023/06/17|test fund|test serie|206498663.05
2023/06/18|test fund|test serie|206499663.05
2023/06/19|test fund|test serie|206500663.05
2023/06/20|test fund|test serie|206501663.05
2023/06/21|test fund|test serie|206502663.05
2023/06/22|test fund|test serie|206503663.05
2023/06/23|test fund|test serie|206504663.05
2023/06/24|test fund|test serie|206505663.05
2023/06/25|test fund|test serie|206506663.05
2023/06/26|test fund|test serie|206507663.05
2023/06/27|test fund|test serie|206508663.05
2023/06/28|test fund|test serie|206509663.05
2023/06/29|test fund|test serie|206510663.05
2023/06/30|test fund|test serie|206511663.05
2023/07/01|test fund|test serie|206512663.05
2023/07/02|test fund|test serie|206513663.05
2023/07/03|test fund|test serie|206514663.05
2023/07/04|test fund|test serie|206515663.05
2023/07/05|test fund|test serie|206516663.05
2023/07/06|test fund|test serie|206517663.05
2023/07/07|test fund|test serie|206518663.05
2023/07/08|test fund|test serie|206519663.05
2023/07/09|test fund|test serie|206520663.05
2023/07/10|test fund|test serie|206521663.05
2023/07/11|test fund|test serie|206522663.05
2023/07/12|test fund|test serie|206523663.05
2023/07/13|test fund|test serie|206524663.05
2023/07/14|test fund|test serie|206525663.05
2023/07/15|test fund|test serie|206526663.05
2023/07/16|test fund|test serie|206527663.05
2023/07/17|test fund|test serie|206528663.05
2023/07/18|test fund|test serie|206529663.05
2023/07/19|test fund|test serie|206530663.05
2023/07/20|test fund|test serie|206531663.05
2023/07/21|test fund|test serie|206532663.05
2023/07/22|test fund|test serie|206533663.05
2023/07/23|test fund|test serie|206534663.05
2023/07/24|test fund|test serie|206535663.05
